--First Normal Form 1NF

create table usertable 
(userID VARCHAR(50),
u_email VARCHAR(50),
fname VARCHAR(50),
lname  VARCHAR(50)
,city VARCHAR(50),
state VARCHAR(50),
zip NUMBER(11));

INSERT INTO usertable VALUES('MA12','alex@gmail.com','Alex','Jones','Hoyton','Texas',75001);

INSERT INTO usertable VALUES('PO45','emma.john@gmail.com','Emma','Stone','Albany','New York',10008);

INSERT INTO usertable VALUES('LA33','victoria@yahoo.com','Victoria','Aorora','Istanbul','Turkey',34000);

INSERT INTO usertable VALUES('CH99','joe.197@gmail.com','Joe','Johnson','Los angales','california',90201);

INSERT INTO usertable VALUES('PA74','dlany01@gmail.com','Dany','William','Miami','Florida',32006);

select * from usertable;

--Second Normal Form 2NF
--Seperating USER_ID,U_EMAIL,FNAME,LNAME where user id is primary key  and
--Seperating ZIP,CITY,STATE where zip is primary key

CREATE TABLE USERINFO(
USERID VARCHAR(11)PRIMARY KEY,
U_EMAIL VARCHAR(50)NOT NULL,
FNAME VARCHAR(50)NOT NULL,
LNAME VARCHAR(50)NOT NULL
);

INSERT INTO USERINFO(USERID,U_EMAIL,FNAME,LNAME)VALUES('MA12','alex@gmail.com','Alex','Jones');
INSERT INTO USERINFO(USERID,U_EMAIL,FNAME,LNAME)VALUES('PO45','emma.john@gmail.com','Emma','Stone');
INSERT INTO USERINFO(USERID,U_EMAIL,FNAME,LNAME)VALUES('LA33','victoria@yahoo.com','Victoria','Aurora');
INSERT INTO USERINFO(USERID,U_EMAIL,FNAME,LNAME)VALUES('CH99','joe.1997@hotmail.com','Joe','Johnson');
INSERT INTO USERINFO(USERID,U_EMAIL,FNAME,LNAME)VALUES('DA74','dlany@live.com','Dany','William');

SELECT * FROM USERINFO;

CREATE TABLE LOCATION(
ZIP VARCHAR(11) PRIMARY KEY,
CITY VARCHAR(20) NOT NULL,
STATE VARCHAR(20)NOT NULL
);

INSERT INTO LOCATION(ZIP,CITY,STATE)VALUES('75001','Houston','Texas');
INSERT INTO LOCATION(ZIP,CITY,STATE)VALUES('10008','Albany','New York');
INSERT INTO LOCATION(ZIP,CITY,STATE)VALUES('34000','Istanbul','Turkey');
INSERT INTO LOCATION(ZIP,CITY,STATE)VALUES('90201','Los Angeles','California');
INSERT INTO LOCATION(ZIP,CITY,STATE)VALUES('32006','Miami','Florida');

SELECT * FROM LOCATION;

--THIRD NORMAL FORM 3NF
--sepearting USERID , USEREMAIL where user id is primary key 
--seperating USERID, FNAME, LNAME where user id is a foreign key
--seperating ZIP,CITY,STATE where zip is a primary key

CREATE TABLE USERDATA(
USERID VARCHAR(11) PRIMARY KEY,
U_EMAIL VARCHAR(60)NOT NULL
);

INSERT INTO USERDATA(USERID,U_EMAIL)VALUES('MA12','alex@gmail.com');
INSERT INTO USERDATA(USERID,U_EMAIL)VALUES('PO45','emma.john@gmail.com');
INSERT INTO USERDATA(USERID,U_EMAIL)VALUES('LA33','victoria@yahoo.com');
INSERT INTO USERDATA(USERID,U_EMAIL)VALUES('CH99','joe.1997@hotmail.com');
INSERT INTO USERDATA(USERID,U_EMAIL)VALUES('DA74','dlany@live.com');

SELECT * FROM USERDATA;

CREATE TABLE USERPERSONAL (
USERID VARCHAR(11),
FNAME VARCHAR(20)NOT NULL,
LNAME VARCHAR(50)NOT NULL,
CONSTRAINT FK_USERID FOREIGN KEY (USERID) REFERENCES USERDATA(USERID)
);

INSERT INTO USERPERSONAL(USERID,FNAME,LNAME)VALUES('MA12','Alex','Jones');
INSERT INTO USERPERSONAL(USERID,FNAME,LNAME)VALUES('PO45','Emma','Stone');
INSERT INTO USERPERSONAL(USERID,FNAME,LNAME)VALUES('LA33','Victoria','Aurora');
INSERT INTO USERPERSONAL(USERID,FNAME,LNAME)VALUES('CH99','Joe','Johnson');
INSERT INTO USERPERSONAL(USERID,FNAME,LNAME)VALUES('DA74','Dany','William');

CREATE TABLE LOCATION(
ZIP VARCHAR(11) PRIMARY KEY,
CITY VARCHAR(20) NOT NULL,
STATE VARCHAR(20)NOT NULL
);

INSERT INTO LOCATION(ZIP,CITY,STATE)VALUES('75001','Houston','Texas');
INSERT INTO LOCATION(ZIP,CITY,STATE)VALUES('10008','Albany','New York');
INSERT INTO LOCATION(ZIP,CITY,STATE)VALUES('34000','Istanbul','Turkey');
INSERT INTO LOCATION(ZIP,CITY,STATE)VALUES('90201','Los Angeles','California');
INSERT INTO LOCATION(ZIP,CITY,STATE)VALUES('32006','Miami','Florida');

SELECT * FROM LOCATION;